"DVD_Title","Studio","Released","Status","Sound","Versions","Price","Rating","Year","Genre","Aspect","UPC","DVD_ReleaseDate","ID","Timestamp","Updated"
"21 Jump Street (2012/ Blu-ray) / 22 Jump Street (Blu-ray)","Sony Pictures",,"Out","5.1 DTS-HD","LBX, 16:9, BLU-RAY",19.99,"R","VAR","Action/Adventure","2.35:1","043396495975",2017-02-28 00:00:00,298113,2017-02-28 00:00:00,"1"
"3 Hours Till Dead","Chemical Burn Entertainment",,"Out","2.0","LBX, 16:9",19.99,"NR","2016","Horror","1.66:1","812073022304",2017-02-28 00:00:00,297729,2017-02-28 00:00:00,"1"
"5 Centimeters Per Second (Discotek Media)","Discotek Media",,"Out","SUB","LBX, 16:9",29.95,"MA13","2007","Anime","1.85:1","693723308524",2017-02-28 00:00:00,298896,2017-02-28 00:00:00,"1"
"5 Centimeters Per Second (Discotek Media/ Blu-ray)","Discotek Media",,"Out","SUB","LBX, 16:9, BLU-RAY",29.95,"MA13","2007","Anime","1.85:1","875707137096",2017-02-28 00:00:00,298937,2017-02-28 00:00:00,"1"
"Actually, I Am: Complete Series","Discotek Media",,"Out","SUB","LBX, 16:9",39.95,"MA13","2015","Anime","1.85:1","875707125093",2017-02-28 00:00:00,298899,2017-02-28 00:00:00,"1"
"Actually, I Am: Complete Series (Blu-ray)","Discotek Media",,"Out","SUB","LBX, 16:9, BLU-RAY",39.95,"MA13","2015","Anime","1.85:1","875707126021",2017-02-28 00:00:00,298989,2017-02-28 00:00:00,"1"
"ALF (Lions Gate): Seasons 1 - 4","Lions Gate",2017-05-09 00:00:00,"Pending","2.0","4:3",59.98,"NR","VAR","TV Classics","1.33:1","031398263685",2017-05-09 00:00:00,299266,2017-02-28 00:00:00,"0"
"All We Had (Blu-ray/ On Demand DVD-R)","Gravitas Ventures",,"Out","2.0","LBX, 16:9, BLU-RAY",24.99,"NR","2016","Drama","1.85:1","191091248607",2017-02-28 00:00:00,297586,2017-02-28 00:00:00,"1"
"All We Had (On Demand DVD-R)","Gravitas Ventures",,"Out","2.0","LBX, 16:9",19.99,"NR","2016","Drama","1.85:1","191091248584",2017-02-28 00:00:00,297489,2017-02-28 00:00:00,"1"
"Allied","Paramount",,"Out","5.1","LBX, 16:9",29.99,"R","2016","Action/Adventure","2.35:1","032429263056",2017-02-28 00:00:00,298097,2017-02-28 00:00:00,"1"
"Allied (Blu-ray 4K w/ Digital Copy)","Paramount",,"Out","5.1 DTS-HD","LBX, 16:9, BLU-RAY",48.99,"R","2016","Action/Adventure","2.35:1","032429263001",2017-02-28 00:00:00,298050,2017-02-28 00:00:00,"1"
"Allied (DVD & Blu-ray Combo w/ Digital Copy)","Paramount",,"Out","5.1 DTS-HD","LBX, 16:9, BLU-RAY",39.99,"R","2016","Action/Adventure","2.35:1","032429262974",2017-02-28 00:00:00,298058,2017-02-28 00:00:00,"1"
"Alpha And Omega: Howl-iday Adventure (DVD & Blu-ray Combo w/ Digital Copy)","Lions Gate",,"Out","5.1 DTS-HD","LBX, 16:9, BLU-RAY",14.99,"NR","2013","Animation","1.78:1","031398179023",2014-10-07 00:00:00,268126,2017-02-28 00:00:00,"1"
"Alpha And Omega: Howl-iday Adventure (w/ Digital Copy)","Lions Gate",,"Out","5.1","LBX, 16:9",14.98,"NR","2013","Animation","1.78:1","031398177210",2014-10-07 00:00:00,268139,2017-02-28 00:00:00,"1"
"Alpha And Omega: Journey To Bear Kingdom","Lions Gate",2017-05-09 00:00:00,"Pending","5.1","LBX, 16:9",14.98,"NR","UNK","Animation","1.78:1","031398260479",2017-05-09 00:00:00,299267,2017-02-28 00:00:00,"0"
"Alpha And Omega: Movie 3-Pack: Howl-iday Adventure / Alpha And Omega / The Great Wolf Games","Lions Gate",,"Out","5.1","LBX, 16:9",9.98,"VAR","VAR","Animation","1.78:1","031398253648",2016-10-11 00:00:00,294536,2017-02-28 00:00:00,"1"
"Amagi Brilliant Park (DVD & Blu-ray Combo/ Limited Edition)","Sentai FilmWorks",,"Out","SUB","LBX, 16:9, BLU-RAY",179.98,"MA13","2014","Anime","1.78:1","814131016195",2017-02-28 00:00:00,296561,2017-02-28 00:00:00,"1"
"Amagi Brilliant Park: Complete Collection","Sentai FilmWorks",,"Out","SUB","LBX, 16:9",59.98,"MA13","2014","Anime","1.78:1","814131016096",2017-02-28 00:00:00,296588,2017-02-28 00:00:00,"1"
"Amagi Brilliant Park: Complete Collection (Blu-ray)","Sentai FilmWorks",,"Out","SUB","LBX, 16:9, BLU-RAY",69.98,"MA13","2014","Anime","1.78:1","814131011695",2017-02-28 00:00:00,296589,2017-02-28 00:00:00,"1"
"American Faith","Ruthless Films",,"Out","2.0","4:3",14.95,"NR","UNK","Documentary","1.33:1","760137886198",2017-02-28 00:00:00,297475,2017-02-28 00:00:00,"1"
"American More!: Level 1","Cambridge University Press",,"Out","2.0","4:3",72.75,"NR","2011","Special Interest","1.33:1","9780521171236",2017-03-01 00:00:00,192222,2017-02-28 00:00:00,"1"
"American More!: Level 2","Cambridge University Press",,"Out","2.0","4:3",72.75,"NR","2011","Special Interest","1.33:1","9780521171359",2017-03-01 00:00:00,192230,2017-02-28 00:00:00,"1"
"American More!: Level 2 (DVD-ROM)","Cambridge University Press",,"Out","2.0","4:3",240,"NR","2013","Special Interest","1.33:1","9780521171366",2017-03-01 00:00:00,215770,2017-02-28 00:00:00,"1"
"American More!: Level 3","Cambridge University Press",,"Out","2.0","4:3",72.75,"NR","2011","Special Interest","1.33:1","9780521171564",2017-03-01 00:00:00,192233,2017-02-28 00:00:00,"1"
"American More!: Level 3 (DVD-ROM)","Cambridge University Press",,"Out","2.0","4:3",240,"NR","2013","Special Interest","1.33:1","9780521171588",2017-03-01 00:00:00,215784,2017-02-28 00:00:00,"1"
"American More!: Level 4","Cambridge University Press",,"Out","2.0","4:3",72.75,"NR","2011","Special Interest","1.33:1","9780521171700",2017-03-01 00:00:00,192234,2017-02-28 00:00:00,"1"
"American More!: Level 4 (DVD-ROM)","Cambridge University Press",,"Out","2.0","4:3",240,"NR","2013","Special Interest","1.33:1","9780521171670",2017-03-01 00:00:00,215835,2017-02-28 00:00:00,"1"
"American Songwriter (Blu-ray/ On Demand DVD-R)","Indie Rights",,"Out","2.0","LBX, 16:9, BLU-RAY",14.95,"NR","2012","Music","1.85:1","889290488336",2016-01-13 00:00:00,299283,2017-02-28 00:00:00,"0"
"American Songwriter (On Demand DVD-R)","Indie Rights",,"Out","2.0","LBX, 16:9",14.95,"NR","2012","Music","1.85:1","889290434241",2016-01-13 00:00:00,299304,2017-02-28 00:00:00,"0"
"Ancient Alien Conspiracy: UFOs And The Dawn Of Civilization","Sector 5 Films",,"Out","2.0","LBX, 16:9",19.99,"NR","UNK","Documentary","1.78:1","812073022311",2017-02-28 00:00:00,297786,2017-02-28 00:00:00,"1"
"Animals Like Us (UNK)","BBC Home Video",,"Out","2.0","LBX, 16:9",19.98,"NR","UNK","Documentary","1.78:1","883929573639",2017-02-28 00:00:00,297857,2017-02-28 00:00:00,"1"
"Ape (1976/ a.k.a. A*P*E/ Kino Lorber Studio Classics)","Kino Lorber Studio Classics",,"Out","2.0","LBX, 16:9",19.95,"PG","1976","SciFi","2.35:1","738329203696",2017-02-28 00:00:00,298115,2017-02-28 00:00:00,"1"
"Ape (1976/ a.k.a. A*P*E/ Kino Lorber Studio Classics/ Blu-ray 3D)","Kino Lorber Studio Classics",,"Out","2.0","LBX, 16:9, BLU-RAY",29.95,"PG","1976","SciFi","2.35:1","738329203702",2017-02-28 00:00:00,298107,2017-02-28 00:00:00,"1"
"Arise From Darkness","Indican Pictures",,"Out","2.0","LBX, 16:9",24.99,"NR","2016","Suspense/Thriller","1.85:1","825284202540",2017-02-28 00:00:00,298854,2017-02-28 00:00:00,"1"
"Art That Nature Makes: The Work Of Rosamond Purcell","Kino Lorber",2017-04-25 00:00:00,"Pending","2.0","LBX, 16:9",29.95,"NR","2015","Documentary","1.85:1","738329214067",2017-04-25 00:00:00,299255,2017-02-28 00:00:00,"0"
"Babyface (DVD & Blu-ray Combo)","Vinegar Syndrome",,"Out","1.0 DTS-HD","LBX, 16:9, BLU-RAY",29.98,"UR","1977","Late Night","1.85:1","814456020761",2017-02-28 00:00:00,297979,2017-02-28 00:00:00,"1"
"Bach: Messe In H-Moll / Mass In B Minor / Mess In Si Mineur: Ensemble Orchestral De Paris","Ideale Audience",,"Out","2.0","4:3",24.99,"NR","VAR","Music","1.33:1","880242730787",2017-03-03 00:00:00,298715,2017-02-28 00:00:00,"1"
"Bad Kids (Blu-ray/ On Demand DVD-R)","FilmRise",,"Out","2.0","LBX, 16:9, BLU-RAY",29.95,"NR","2016","Documentary","2.35:1","191091357446",2017-02-28 00:00:00,298010,2017-02-28 00:00:00,"1"
"Bad Kids (On Demand DVD-R)","FilmRise",,"Out","2.0","LBX, 16:9",24.95,"NR","2016","Documentary","2.35:1","191091357453",2017-02-28 00:00:00,298023,2017-02-28 00:00:00,"1"
"Basement (2009/ Dir. by Aydogan Gem)","Shami Production",,"Out","2.0","LBX, 16:9",14.99,"NR","2009","Suspense/Thriller","1.85:1","798657801032",2013-04-09 00:00:00,245477,2017-02-28 00:00:00,"1"
"Basement (2009/ Dir. by Robert Franke)","Vanguard",,"Out","2.0","LBX, 16:9",19.95,"NR","2009","Suspense/Thriller","2.35:1","658769114638",2011-09-27 00:00:00,208244,2017-02-28 00:00:00,"1"
"Basement (2011/ Blu-ray/ On Demand DVD-R)","Indie Rights",,"Out","2.0","LBX, 16:9, BLU-RAY",14.95,"NR","2011","Suspense/Thriller","1.85:1","889290488459",2015-12-04 00:00:00,299268,2017-02-28 00:00:00,"0"
"Basement (2011/ On Demand DVD-R)","Indie Rights",,"Out","2.0","LBX, 16:9",14.95,"NR","2011","Suspense/Thriller","1.85:1","889290434173",2015-12-04 00:00:00,299257,2017-02-28 00:00:00,"0"
"Beauty And The Beast (1991/ 25th Anniversary Edition)","Buena Vista",,"Out","5.1","LBX, 16:9",29.99,"G","1991","Animation","1.85:1","786936852875",2017-02-28 00:00:00,298070,2017-02-28 00:00:00,"1"
"Before Trilogy (Blu-ray): Before Sunrise / Before Sunset / Before Midnight","Criterion Collection",,"Out","VAR","LBX, 16:9, BLU-RAY",99.95,"R","VAR","Drama","1.85:1","715515192118",2017-02-28 00:00:00,297331,2017-02-28 00:00:00,"1"
"Before Trilogy: Before Sunrise / Before Sunset / Before Midnight","Criterion Collection",,"Out","VAR","LBX, 16:9",99.95,"R","VAR","Drama","1.85:1","715515192217",2017-02-28 00:00:00,297317,2017-02-28 00:00:00,"1"
"Betrayal Knows My Name: The Complete Series","FUNimation",,"Out","SUB","LBX, 16:9",59.98,"MA13","2010","Anime","1.85:1","704400039010",2017-02-28 00:00:00,297144,2017-02-28 00:00:00,"1"
"Blaze And The Monster Machines: Blaze Of Glory (Limited Edition Gift Set w/ Little Golden Book)","Nickelodeon",,"Out","2.0","LBX, 16:9",16.99,"NR","UNK","Family","1.78:1","032429262899",2017-02-28 00:00:00,298073,2017-02-28 00:00:00,"1"
"Business Of Amateurs","Kino Lorber",,"Out","2.0","LBX, 16:9",29.95,"NR","2016","Documentary","1.85:1","738329211851",2017-02-28 00:00:00,297769,2017-02-28 00:00:00,"1"
"Caillou: Things That Go","PBS",2017-07-11 00:00:00,"Pending","2.0","4:3",12.99,"NR","UNK","Family","1.33:1","841887033718",2017-07-11 00:00:00,299290,2017-02-28 00:00:00,"0"
"Cancerpants (Blu-ray/ On Demand DVD-R)","Indie Rights",,"Out","2.0","LBX, 16:9, BLU-RAY",14.95,"NR","2011","Documentary","1.85:1","889290442901",2016-01-05 00:00:00,299311,2017-02-28 00:00:00,"0"
"Cancerpants (On Demand DVD-R)","Indie Rights",,"Out","2.0","LBX, 16:9",14.95,"NR","2011","Documentary","1.85:1","889290434296",2016-01-05 00:00:00,299264,2017-02-28 00:00:00,"0"
"Captain Phillips (Blu-ray) / Zero Dark Thirty (Blu-ray)","Sony Pictures",,"Out","5.1 DTS-HD","LBX, 16:9, BLU-RAY",19.99,"VAR","VAR","VAR","VAR","043396496019",2017-02-28 00:00:00,297821,2017-02-28 00:00:00,"1"
"Chronic","Lions Gate",,"Out","5.1","LBX, 16:9",19.98,"R","2015","Drama","1.85:1","031398259589",2017-02-28 00:00:00,297925,2017-02-28 00:00:00,"1"
"Come Hell Or High Water: The Battle For Turkey Creek","Bullfrog Films",,"Out","2.0","LBX, 16:9",24.98,"NR","2013","Documentary","1.78:1","761326259021",2017-02-28 00:00:00,298867,2017-02-28 00:00:00,"1"
"Comet Lucifer: Complete Collection","Sentai FilmWorks",,"Out","SUB","LBX, 16:9",49.98,"MA17","2015","Anime","2.35:1","816726021706",2017-02-28 00:00:00,296572,2017-02-28 00:00:00,"1"
"Contract To Kill","Lions Gate",,"Out","5.1","LBX, 16:9",19.98,"R","2016","Action/Adventure","1.85:1","031398260523",2017-02-28 00:00:00,297831,2017-02-28 00:00:00,"1"
"Contract To Kill (Blu-ray w/ Digital Copy)","Lions Gate",,"Out","5.1 DTS-HD","LBX, 16:9, BLU-RAY",19.99,"R","2016","Action/Adventure","1.85:1","031398260554",2017-02-28 00:00:00,297839,2017-02-28 00:00:00,"1"
"Creature Below","Breaking Glass Pictures",,"Out","2.0","LBX, 16:9",24.99,"NR","2016","SciFi","1.85:1","855114005928",2017-02-28 00:00:00,297506,2017-02-28 00:00:00,"1"
"Creepy","KimStim",,"Out","SUB","LBX, 16:9",29.99,"NR","2016","Foreign","2.35:1","698452212333",2017-02-28 00:00:00,297973,2017-02-28 00:00:00,"1"
"Criminal Minds: The 1st - 4th Seasons","Paramount",,"Out","5.1","LBX, 16:9",64.99,"NR","VAR","TV Classics","1.78:1","032429269805",2017-02-28 00:00:00,298985,2017-02-28 00:00:00,"1"
"Criminal Minds: The 4th - 8th Seasons","Paramount",,"Out","5.1","LBX, 16:9",64.99,"NR","VAR","TV Classics","1.78:1","032429269812",2017-02-28 00:00:00,298916,2017-02-28 00:00:00,"1"
"Danger Close","Anderson Digital",2017-05-16 00:00:00,"Pending","2.0","LBX, 16:9",19.99,"NR","2017","Action/Adventure","1.85:1","191329002698",2017-05-16 00:00:00,299310,2017-02-28 00:00:00,"0"
"Danger Close (Blu-ray)","Anderson Digital",2017-05-16 00:00:00,"Pending","2.0","LBX, 16:9, BLU-RAY",26.99,"NR","2017","Action/Adventure","1.85:1","191329002681",2017-05-16 00:00:00,299274,2017-02-28 00:00:00,"0"
"Daniel Tiger's Neighborhood: Daniel Visits The Farm","PBS",,"Out","2.0","LBX, 16:9",6.99,"NR","2016","Family","1.78:1","841887031363",2017-02-28 00:00:00,297502,2017-02-28 00:00:00,"1"
"Deadtime Stories (Shout! Factory/ DVD & Blu-ray Combo)","Shout! Factory",,"Out","2.0","LBX, 16:9, BLU-RAY",29.99,"R","1986","Horror","1.85:1","826663173444",2017-02-28 00:00:00,298085,2017-02-28 00:00:00,"1"
"Disabling The Disobey Ray: Plus Two Additional Bibleman Adventures!","B&H Publishing",,"Out","2.0","4:3",12.99,"NR","2017","Special Interest","1.33:1","9781433649509",2017-03-01 00:00:00,293268,2017-02-28 00:00:00,"1"
"Doctor Strange (2016)","Buena Vista",,"Out","5.1","LBX, 16:9",29.99,"PG-13","2016","Action/Adventure","2.35:1","786936852240",2017-02-28 00:00:00,296822,2017-02-28 00:00:00,"1"
"Doctor Strange (2016/ Blu-ray 3D/ DVD w/ Digital Copy)","Buena Vista",,"Out","5.1 DTS-HD","LBX, 16:9, BLU-RAY",39.99,"PG-13","2016","Action/Adventure","2.35:1","786936852691",2017-02-28 00:00:00,296806,2017-02-28 00:00:00,"1"
"Doctor Strange (2016/ DVD & Blu-ray Combo w/ Digital Copy)","Buena Vista",,"Out","5.1 DTS-HD","LBX, 16:9, BLU-RAY",39.99,"PG-13","2016","Action/Adventure","2.35:1","786936852714",2017-02-28 00:00:00,296831,2017-02-28 00:00:00,"1"
"Dog By Dog (On Demand DVD-R)","Gravitas Ventures",,"Out","2.0","LBX, 16:9",16.99,"NR","2015","Documentary","1.78:1","191091266175",2017-02-28 00:00:00,299206,2017-02-28 00:00:00,"1"
"Elite (2017)","Lost Empire",,"Out","2.0","4:3",19.95,"NR","2017","Action/Adventure","1.33:1","760137963394",2017-02-28 00:00:00,297580,2017-02-28 00:00:00,"1"
"Elizabeth At 90: A Family Tribute","BBC Home Video",,"Out","2.0","LBX, 16:9",24.98,"NR","2016","Documentary","1.78:1","883929578306",2017-02-28 00:00:00,297918,2017-02-28 00:00:00,"1"
"English In Mind Level 3 (NTSC)","Cambridge University Press",,"Out","2.0","4:3",236.25,"NR","2011","Special Interest","1.33:1","9780521172417",2017-03-01 00:00:00,203226,2017-02-28 00:00:00,"1"
"English In Mind Level 4 DVD (NTSC)","Cambridge University Press",,"Out","2.0","4:3",236.25,"NR","2011","Special Interest","1.33:1","9780521184533",2017-03-01 00:00:00,210110,2017-02-28 00:00:00,"1"
"English In Mind Level 5 DVD (NTSC)","Cambridge University Press",,"Out","2.0","4:3",236.25,"NR","2012","Special Interest","1.33:1","9781107684751",2017-03-01 00:00:00,223837,2017-02-28 00:00:00,"1"
"English Unlimited For Spanish Speakers Advanced Coursebook With E-Portfolio (Book W/ DVD)","Cambridge University Press",,"Out","2.0","4:3",46,"NR","2011","Special Interest","1.33:1","9788483236932",2017-03-01 00:00:00,210010,2017-02-28 00:00:00,"1"
"English Unlimited For Spanish Speakers Advanced Self-Study Pack (Book W/ DVD)","Cambridge University Press",,"Out","2.0","4:3",27,"NR","2011","Special Interest","1.33:1","9788483237182",2017-03-01 00:00:00,210097,2017-02-28 00:00:00,"1"
"English Unlimited For Spanish Speakers Advanced Teacher's Pack (Book W/ DVD)","Cambridge University Press",,"Out","2.0","4:3",62,"NR","2011","Special Interest","1.33:1","9788483237007",2017-03-01 00:00:00,209952,2017-02-28 00:00:00,"1"
"English Unlimited For Spanish Speakers Elementary Coursebook With e-Portfolio (Book w/ DVD)","Cambridge University Press",,"Out","2.0","4:3",55,"NR","2010","Special Interest","1.33:1","9788483237069",2017-03-01 00:00:00,190666,2017-02-28 00:00:00,"1"
"English Unlimited For Spanish Speakers Elementary Self-Study Pack: Workbook & DVD-ROM + Audio CD (Book w/ DVD/CD Combo)","Cambridge University Press",,"Out","2.0","4:3",31,"NR","2012","Special Interest","1.33:1","9788483239797",2017-03-01 00:00:00,190617,2017-02-28 00:00:00,"1"
"English Unlimited For Spanish Speakers Elementary Teacher's Pack (Book w/ DVD)","Cambridge University Press",,"Out","2.0","4:3",75,"NR","2011","Special Interest","1.33:1","9788483236871",2017-03-01 00:00:00,190585,2017-02-28 00:00:00,"1"
"English Unlimited For Spanish Speakers Intermediate Coursebook With E-Portfolio (Book W/ DVD)","Cambridge University Press",,"Out","2.0","4:3",45,"NR","2011","Special Interest","1.33:1","9788483236802",2017-03-01 00:00:00,210056,2017-02-28 00:00:00,"1"
"English Unlimited For Spanish Speakers Intermediate Self-Study Pack (Book w/ DVD)","Cambridge University Press",,"Out","2.0","4:3",27,"NR","2011","Special Interest","1.33:1","9788483237144",2017-03-01 00:00:00,210025,2017-02-28 00:00:00,"1"
"English Unlimited For Spanish Speakers Intermediate Teacher's Pack (Book W/ DVD)","Cambridge University Press",,"Out","2.0","4:3",61,"NR","2011","Special Interest","1.33:1","9788483236970",2017-03-01 00:00:00,210152,2017-02-28 00:00:00,"1"
"English Unlimited For Spanish Speakers Pre-Intermediate Coursebook With e-Portfolio (Book w/ DVD)","Cambridge University Press",,"Out","2.0","4:3",56,"NR","2010","Special Interest","1.33:1","9788483233627",2017-03-01 00:00:00,195098,2017-02-28 00:00:00,"1"
"English Unlimited For Spanish Speakers Pre-Intermediate Self-Study Pack: Workbook & DVD-ROM + Audio CD (Book w/ DVD/CD Combo)","Cambridge University Press",,"Out","2.0","4:3",31,"NR","2011","Special Interest","1.33:1","9788483237342",2017-03-01 00:00:00,190616,2017-02-28 00:00:00,"1"
"English Unlimited For Spanish Speakers Pre-Intermediate Teacher's Pack (Book w/ DVD)","Cambridge University Press",,"Out","2.0","4:3",75,"NR","2011","Special Interest","1.33:1","9788483237694",2017-03-01 00:00:00,190577,2017-02-28 00:00:00,"1"
"English Unlimited For Spanish Speakers Starter Coursebook With E-Portfolio (Book w/ DVD)","Cambridge University Press",,"Out","2.0","4:3",54,"NR","2010","Special Interest","1.33:1","9788483239001",2017-03-01 00:00:00,190560,2017-02-28 00:00:00,"1"
"English Unlimited For Spanish Speakers Starter Self-Study Pack: Workbook & DVD-ROM + Audio CD (Book w/ DVD/CD Combo)","Cambridge University Press",,"Out","2.0","4:3",31,"NR","2011","Special Interest","1.33:1","9788483237250",2017-03-01 00:00:00,190675,2017-02-28 00:00:00,"1"
"English Unlimited For Spanish Speakers Starter Teacher's Pack (Book w/ DVD)","Cambridge University Press",,"Out","2.0","4:3",75,"NR","2011","Special Interest","1.33:1","9788483239674",2017-03-01 00:00:00,190652,2017-02-28 00:00:00,"1"
"English Unlimited For Spanish Speakers Upper Intermediate Coursebook With E-Portfolio (Book W/ DVD)","Cambridge University Press",,"Out","2.0","4:3",46,"NR","2011","Special Interest","1.33:1","9788483236901",2017-03-01 00:00:00,209990,2017-02-28 00:00:00,"1"
"English Unlimited For Spanish Speakers Upper Intermediate Self-Study Pack (Book W/ DVD)","Cambridge University Press",,"Out","2.0","4:3",27,"NR","2011","Special Interest","1.33:1","9788483237168",2017-03-01 00:00:00,210049,2017-02-28 00:00:00,"1"
"English Unlimited For Spanish Speakers Upper Intermediate Teacher's Pack (Book W/ DVD)","Cambridge University Press",,"Out","2.0","4:3",61,"NR","2011","Special Interest","1.33:1","9788483236987",2017-03-01 00:00:00,209984,2017-02-28 00:00:00,"1"
"English Unlimited Intermediate A And B Teacher's Pack (Book w/ DVD)","Cambridge University Press",,"Out","2.0","4:3",56.25,"NR","2013","Special Interest","1.33:1","9781107633650",2017-03-01 00:00:00,248253,2017-02-28 00:00:00,"1"
"English Unlimited Intermediate A Combo (Book w/ DVD)","Cambridge University Press",,"Out","2.0","4:3",35.25,"NR","2013","Special Interest","1.33:1","9781107631038",2017-03-01 00:00:00,248219,2017-02-28 00:00:00,"1"
"Essential Grammar In Use Classware (3rd Ed./ DVD-ROM)","Cambridge University Press",,"Out","2.0","4:3",160,"NR","2010","Special Interest","1.33:1","9788483236413",2017-03-01 00:00:00,274895,2017-02-28 00:00:00,"1"
"face2face Elementary Classware (DVD-ROM)","Cambridge University Press",,"Out","2.0","4:3",200,"NR","2012","Special Interest","1.33:1","9781107628373",2017-03-01 00:00:00,228256,2017-02-28 00:00:00,"1"
"face2face For Spanish Speakers Intermediate Classware (DVD-ROM)","Cambridge University Press",,"Out","2.0","4:3",184,"NR","2011","Special Interest","1.33:1","9788483235577",2017-03-01 00:00:00,192255,2017-02-28 00:00:00,"1"
"face2face For Spanish Speakers Upper Intermediate Classware (DVD-ROM)","Cambridge University Press",,"Out","2.0","4:3",184,"NR","2011","Special Interest","1.33:1","9788483237816",2017-03-01 00:00:00,192231,2017-02-28 00:00:00,"1"
"face2face Pre-Intermediate Classware (DVD-ROM)","Cambridge University Press",,"Out","2.0","4:3",200,"NR","2012","Special Interest","1.33:1","9781107610552",2017-03-01 00:00:00,228202,2017-02-28 00:00:00,"1"
"Figures Of Speech (On Demand DVD-R)","Gravitas Ventures",,"Out","2.0","LBX, 16:9",16.99,"NR","2015","Documentary","1.78:1","191091266120",2017-02-28 00:00:00,299235,2017-02-28 00:00:00,"1"
"Framed (1975/ Kino Lorber Studio Classics)","Kino Lorber Studio Classics",,"Out","5.1","LBX, 16:9",19.95,"R","1975","Action/Adventure","1.85:1","738329211189",2017-02-28 00:00:00,298066,2017-02-28 00:00:00,"1"
"Framed (1975/ Kino Lorber Studio Classics/ Blu-ray)","Kino Lorber Studio Classics",,"Out","5.1 DTS-HD","LBX, 16:9, BLU-RAY",29.95,"R","1975","Action/Adventure","1.85:1","738329211196",2017-02-28 00:00:00,298088,2017-02-28 00:00:00,"1"
"Fuller House: The Complete 1st Season","Warner Brothers",,"Out","2.0","LBX, 16:9",24.98,"NR","2016","TV Classics","1.78:1","883929563289",2017-02-28 00:00:00,297327,2017-02-28 00:00:00,"1"
"Gate (Lions Gate/ Blu-ray/ Collector's Series)","Lions Gate",,"Out","2.0","LBX, 16:9, BLU-RAY",39.97,"PG-13","1987","Horror","1.85:1","031398260738",2017-02-28 00:00:00,298174,2017-02-28 00:00:00,"1"
"Get On Stage! Teacher's Book + DVD And Audio CD: 21 Sketches And Plays For Young Learners And Teens (Book w/ DVD/CD Combo)","Cambridge University Press",,"Out","2.0","4:3",63.75,"NR","2012","Special Interest","1.33:1","9781107637757",2017-03-01 00:00:00,225933,2017-02-28 00:00:00,"1"
"Gianfranco Rosi Collection","Kino Lorber",2017-04-25 00:00:00,"Pending","2.0","LBX, 16:9",44.95,"NR","VAR","VAR","1.85:1","738329214074",2017-04-25 00:00:00,299250,2017-02-28 00:00:00,"0"
"Gianfranco Rosi Collection (Blu-ray)","Kino Lorber",2017-04-25 00:00:00,"Pending","2.0","LBX, 16:9, BLU-RAY",49.95,"NR","VAR","VAR","1.85:1","738329214081",2017-04-25 00:00:00,299278,2017-02-28 00:00:00,"0"
"Gilbert & Sullivan (Book w/ DVD)","Upfront Entertainment",,"Out","2.0","4:3",45,"NR","2017","Special Interest","1.33:1","9780993181399",2017-03-01 00:00:00,289995,2017-02-28 00:00:00,"1"
"Girls Gone Wild: EDM Girls","GGW Brands",2017-05-09 00:00:00,"Pending","2.0","4:3",19.95,"UR","2017","Late Night","1.33:1","859375005857",2017-05-09 00:00:00,299292,2017-02-28 00:00:00,"0"
"Girls Gones Wild: Naked & Outdoors","GGW Brands",2017-05-09 00:00:00,"Pending","2.0","4:3",19.95,"UR","2017","Late Night","1.33:1","859375005864",2017-05-09 00:00:00,299275,2017-02-28 00:00:00,"0"
"Gunsmoke (1955): The 1st - 4th Seasons","Paramount",,"Out","2.0","4:3",68.99,"NR","VAR","TV Classics","1.33:1","032429270023",2017-02-28 00:00:00,298944,2017-02-28 00:00:00,"1"
"Hannah: Buddhism's Untold Journey","Alive Mind",,"Out","2.0","LBX, 16:9",29.95,"NR","2014","Documentary","1.78:1","738329209438",2017-02-28 00:00:00,297739,2017-02-28 00:00:00,"1"
"Harbinger","TomCat Releasing",,"Out","2.0","LBX, 16:9",14.95,"NR","2015","Horror","2.35:1","760137964094",2017-02-28 00:00:00,297546,2017-02-28 00:00:00,"1"
"Hunter X Hunter, Vol. 2","Viz Entertainment",,"Out","SUB","LBX, 16:9",24.98,"MA15","2000","Anime","1.78:1","782009244721",2017-02-28 00:00:00,297955,2017-02-28 00:00:00,"1"
"Hunter X Hunter, Vol. 2 (Blu-ray)","Viz Entertainment",,"Out","SUB","LBX, 16:9, BLU-RAY",29.98,"MA15","2000","Anime","1.78:1","782009244714",2017-02-28 00:00:00,297956,2017-02-28 00:00:00,"1"
"Interactive Level (PAL)","Cambridge University Press",,"Out","2.0","4:3",117.25,"NR","2011","Special Interest","1.33:1","9780521147132",2017-03-01 00:00:00,203293,2017-02-28 00:00:00,"1"
"Interactive Level 4 Classware (DVD-ROM)","Cambridge University Press",,"Out","2.0","4:3",240,"NR","2012","Special Interest","1.33:1","9780521279628",2017-03-01 00:00:00,223865,2017-02-28 00:00:00,"1"
"Interactive Level 4 DVD (NTSC)","Cambridge University Press",,"Out","2.0","4:3",117.25,"NR","2012","Special Interest","1.33:1","9780521147293",2017-03-01 00:00:00,224619,2017-02-28 00:00:00,"1"
"Interactive Level 4 DVD (PAL)","Cambridge University Press",,"Out","2.0","4:3",117.25,"NR","2012","Special Interest","1.33:1","9780521147286",2017-03-01 00:00:00,224616,2017-02-28 00:00:00,"1"
"Interactive: Level 2 DVD (PAL)","Cambridge University Press",,"Out","2.0","4:3",117.25,"NR","2011","Special Interest","1.33:1","9780521147248",2017-03-01 00:00:00,201805,2017-02-28 00:00:00,"1"
"Izumo: Flash Of A Brave Sword: TV Series: Complete Collection","Discotek Media",,"Out","SUB","4:3",39.95,"MA13","2005","Anime","1.33:1","875707132022",2017-02-28 00:00:00,298942,2017-02-28 00:00:00,"1"
"JAG: The Complete 1st - 4th Seasons","Paramount",,"Out","2.0","4:3",59.99,"NR","VAR","TV Classics","1.33:1","032429269829",2017-02-28 00:00:00,298908,2017-02-28 00:00:00,"1"
"JAG: The Complete 5th - 8th Seasons","Paramount",,"Out","2.0","4:3",59.99,"NR","VAR","TV Classics","1.33:1","032429269836",2017-02-28 00:00:00,298958,2017-02-28 00:00:00,"1"
"Joe Bullet (Special Edition/ Restored Version/ On Demand DVD-R)","Film Detective",,"Out","2.0","LBX, 16:9",14.99,"NR","1973","Action/Adventure","1.78:1","191091369814",2017-02-21 00:00:00,299299,2017-02-28 00:00:00,"0"
"Joe Bullet (Special Edition/ Restored Version/ On Demand DVD-R/ Alternate UPC)","Film Detective",,"Out","2.0","LBX, 16:9",19.49,"NR","1973","Action/Adventure","1.78:1","818522016849",2017-02-21 00:00:00,299253,2017-02-28 00:00:00,"0"
"Junction 48","Passion River",2017-05-02 00:00:00,"Pending","2.0","LBX, 16:9",24.95,"NR","2016","Action/Adventure","2.35:1","888608666930",2017-05-02 00:00:00,299276,2017-02-28 00:00:00,"0"
"K-9: World Cup","Anderson Digital",2017-05-09 00:00:00,"Pending","2.0","LBX, 16:9",19.99,"NR","2015","Animation","1.85:1","191329005415",2017-05-09 00:00:00,299291,2017-02-28 00:00:00,"0"
"K-9: World Cup (DVD & Blu-ray Combo)","Anderson Digital",2017-05-09 00:00:00,"Pending","2.0","LBX, 16:9, BLU-RAY",26.99,"NR","2015","Animation","1.85:1","191329015780",2017-05-09 00:00:00,299262,2017-02-28 00:00:00,"0"
"Key: The Metal Idol (Discotek Media): Complete OVA Series","Discotek Media",,"Out","SUB","4:3",39.95,"MA13","1994","Anime","1.33:1","875707153096",2017-02-28 00:00:00,298894,2017-02-28 00:00:00,"1"
"Kid's Box American English Level 1 Presentation Plus (DVD-ROM)","Cambridge University Press",,"Out","2.0","4:3",150,"NR","2015","Special Interest","1.33:1","9781107431249",2017-03-01 00:00:00,266342,2017-02-28 00:00:00,"1"
"Kid's Box American English Level 1: Teacher's Booklet + Interactive DVD (Book w/ DVD)","Cambridge University Press",,"Out","2.0","4:3",206.25,"NR","2015","Special Interest","1.33:1","9781107695245",2017-03-01 00:00:00,266448,2017-02-28 00:00:00,"1"
"Kid's Box American English Level 2: Teacher's Booklet + Interactive DVD (Book w/ DVD)","Cambridge University Press",,"Out","2.0","4:3",206.25,"NR","2015","Special Interest","1.33:1","9781107672918",2017-03-01 00:00:00,266361,2017-02-28 00:00:00,"1"
"Kid's Box American English Level 3: Teacher's Booklet + Interactive DVD (Book w/ DVD)","Cambridge University Press",,"Out","2.0","4:3",206.25,"NR","2015","Special Interest","1.33:1","9781107669277",2017-03-01 00:00:00,266357,2017-02-28 00:00:00,"1"
"Kid's Box American English Level 4 (Book w/ DVD)","Cambridge University Press",,"Out","2.0","4:3",206.25,"NR","2015","Special Interest","1.33:1","9781107670044",2017-03-01 00:00:00,269162,2017-02-28 00:00:00,"1"
"Kid's Box American English Level 4 Presentation Plus (DVD-ROM)","Cambridge University Press",,"Out","2.0","4:3",150,"NR","2015","Special Interest","1.33:1","9781107444089",2017-03-01 00:00:00,269165,2017-02-28 00:00:00,"1"
"Kid's Box American English Level 5 (Book w/ DVD)","Cambridge University Press",,"Out","2.0","4:3",206.25,"NR","2015","Special Interest","1.33:1","9781107672017",2017-03-01 00:00:00,269180,2017-02-28 00:00:00,"1"
"Kid's Box American English Level 5 Presentation Plus (DVD-ROM)","Cambridge University Press",,"Out","2.0","4:3",150,"NR","2015","Special Interest","1.33:1","9781107444157",2017-03-01 00:00:00,269176,2017-02-28 00:00:00,"1"
"Kid's Box American English Level 6 Interactive + Teacher's Booklet (DVD-ROM)+","Cambridge University Press",,"Out","2.0","4:3",206.25,"NR","2015","Special Interest","1.33:1","9781107654563",2017-03-01 00:00:00,270820,2017-02-28 00:00:00,"1"
"Kid's Box American English Level 6 Presentation Plus (DVD-ROM)","Cambridge University Press",,"Out","2.0","4:3",150,"NR","2015","Special Interest","1.33:1","9781107444270",2017-03-01 00:00:00,269167,2017-02-28 00:00:00,"1"
"Kid's Box Level 3 Presentation Plus (DVD-ROM)","Cambridge University Press",,"Out","2.0","4:3",240,"NR","2015","Special Interest","1.33:1","9781107431874",2017-03-01 00:00:00,278311,2017-02-28 00:00:00,"1"
"Kid's Box Level 4 Presentation Plus (DVD-ROM)","Cambridge University Press",,"Out","2.0","4:3",240,"NR","2015","Special Interest","1.33:1","9781107432444",2017-03-01 00:00:00,278285,2017-02-28 00:00:00,"1"
"Kid's Box Level 5 Presentation Plus (DVD-ROM)","Cambridge University Press",,"Out","2.0","4:3",240,"NR","2015","Special Interest","1.33:1","9781107432505",2017-03-01 00:00:00,278313,2017-02-28 00:00:00,"1"
"Kid's Box Level 6 (Book w/ DVD)","Cambridge University Press",,"Out","2.0","4:3",196.5,"NR","2014","Special Interest","1.33:1","9781107669956",2017-03-01 00:00:00,269158,2017-02-28 00:00:00,"1"
"Kid's Box Level 6 Presentation Plus (DVD-ROM)","Cambridge University Press",,"Out","2.0","4:3",240,"NR","2015","Special Interest","1.33:1","9781107432529",2017-03-01 00:00:00,278298,2017-02-28 00:00:00,"1"
"Kiki, Love To Love","Strand",,"Out","SUB","LBX, 16:9",24.99,"NR","2016","Foreign","1.78:1","712267361724",2017-02-28 00:00:00,297730,2017-02-28 00:00:00,"1"
"Killa","Silk Road",2017-04-04 00:00:00,"Pending","SUB","LBX, 16:9",29.95,"NR","2014","Foreign","1.85:1","738329214012",2017-04-04 00:00:00,299252,2017-02-28 00:00:00,"0"
"King Kong (2005/ Widescreen/ Limited Edition/ DVD & Blu-ray Combo w/ Digital Copy/ Steelbook)","Universal",,"Discontinued","5.1 DTS-HD","LBX, 16:9, BLU-RAY",19.98,"PG-13","2005","Action/Adventure","2.35:1","025192232800",2014-05-06 00:00:00,260119,2017-02-28 00:00:00,"1"
"King Kong: The Ultimate Collection (Blu-ray w/ Movie Cash)","Universal",2017-05-16 00:00:00,"Pending","5.1 DTS-HD","LBX, 16:9, BLU-RAY",14.98,"VAR","VAR","Action/Adventure","2.35:1","191329005101",2017-05-16 00:00:00,299295,2017-02-28 00:00:00,"0"
"Kyousougiga: The Complete Series (DVD & Blu-ray Combo)","Discotek Media",,"Out","SUB","LBX, 16:9, BLU-RAY",59.95,"MA13","2013","Anime","1.85:1","875707101097",2017-02-28 00:00:00,298982,2017-02-28 00:00:00,"1"
"Labeque Way","EuroArts",,"Out","PCM","LBX, 16:9",24.99,"NR","2012","Music","1.78:1","880242640581",2017-03-03 00:00:00,298762,2017-02-28 00:00:00,"1"
"Lighting Up The Shadow Of Doubt: Plus Two Additional Bibleman Adventures!","B&H Publishing",,"Out","2.0","4:3",12.99,"NR","2017","Special Interest","1.33:1","9781433649516",2017-03-01 00:00:00,293259,2017-02-28 00:00:00,"1"
"London Road","BBC Home Video",,"Out","2.0","LBX, 16:9",19.98,"NR","2015","Musical","2.35:1","883929551323",2017-02-28 00:00:00,297882,2017-02-28 00:00:00,"1"
"Lost Cat Corona","Virgil Films and Entertainment",,"Out","2.0","LBX, 16:9",19.99,"NR","2015","Comedy","1.85:1","829567124727",2017-02-28 00:00:00,297863,2017-02-28 00:00:00,"1"
"Love Slaves","Vinegar Syndrome",,"Out","2.0","LBX, 16:9",24.98,"UR","1976","Late Night","1.85:1","814456020747",2017-02-28 00:00:00,297989,2017-02-28 00:00:00,"1"
"Magic Knight Rayearth (Discotek Media): Complete Collection","Discotek Media",,"Out","2.0","4:3",79.95,"MA13","1994","Anime","1.33:1","875707135092",2017-02-28 00:00:00,298938,2017-02-28 00:00:00,"1"
"Mary, Mother Of Jesus (Sonar Entertainment)","Sonar Entertainment",,"Out","2.0","LBX, 16:9",14.93,"PG-13","1999","Drama","1.78:1","883476152639",2017-02-28 00:00:00,296863,2017-02-28 00:00:00,"1"
"Massacre On Aisle 12","Indican Pictures",,"Out","2.0","LBX, 16:9",24.99,"NR","2016","Horror","1.85:1","825284202557",2017-02-28 00:00:00,298883,2017-02-28 00:00:00,"1"
"Maturita In Mind Level 2 Student's Book: Czech Edition (Book w/ DVD)","Cambridge University Press",,"Out","2.0","4:3",32,"NR","2011","Special Interest","1.33:1","9780521172042",2017-03-01 00:00:00,190614,2017-02-28 00:00:00,"1"
"Messages: Level A","Cambridge University Press",,"Out","2.0","4:3",32,"NR","2016","Special Interest","1.33:1","9780521684439",2017-03-01 00:00:00,274847,2017-02-28 00:00:00,"1"
"Messages: Level B","Cambridge University Press",,"Out","2.0","4:3",33.25,"NR","2016","Special Interest","1.33:1","9780521696906",2017-03-01 00:00:00,274838,2017-02-28 00:00:00,"1"
"Mighty Morphin Power Rangers: Best Of Blue","Shout! Factory",,"Out","2.0","4:3",14.93,"NR","UNK","TV Classics","1.33:1","826663173802",2017-02-28 00:00:00,297019,2017-02-28 00:00:00,"1"
"Mily Miss Questions: 10 Adventures For Curious Minds","Mily Miss Questions",,"Out","2.0","4:3",6.99,"NR","UNK","Family","1.33:1","843501005910",2017-02-28 00:00:00,297468,2017-02-28 00:00:00,"1"
"Moonlight (2016)","Lions Gate",,"Out","5.1","LBX, 16:9",19.98,"R","2016","Drama","2.35:1","031398257363",2017-02-28 00:00:00,298225,2017-02-28 00:00:00,"1"
"Moonlight (2016/ Blu-ray w/ Digital Copy)","Lions Gate",,"Out","5.1 DTS-HD","LBX, 16:9, BLU-RAY",24.99,"R","2016","Drama","2.35:1","031398257394",2017-02-28 00:00:00,298189,2017-02-28 00:00:00,"1"
"Mother Of All Lies","House Lights Media",,"Out","2.0","LBX, 16:9",19.99,"NR","2015","Suspense/Thriller","1.78:1","855332003300",2017-02-28 00:00:00,297569,2017-02-28 00:00:00,"1"
"Mulan (1998/ Blu-ray) / Mulan II (Blu-ray) (w/ Digital Copy)","Buena Vista",,"Out","5.1 DTS-HD","LBX, 16:9, BLU-RAY",29.99,"G","VAR","Animation","VAR","786936852899",2017-02-28 00:00:00,298221,2017-02-28 00:00:00,"1"
"Mummy Ultimate Collection (Blu-ray w/ Digital Copy): Mummy / Mummy Returns / Mummy: Tomb Of The Dragon Emperor / Scorpion King","Universal",2017-05-16 00:00:00,"Pending","5.1 DTS-HD","LBX, 16:9, BLU-RAY",39.98,"PG-13","VAR","Action/Adventure","2.35:1","191329002735",2017-05-16 00:00:00,299279,2017-02-28 00:00:00,"0"
"Mummy Ultimate Collection (Blu-ray w/ Digtal Copy & Movie Cash): Mummy / Mummy Returns / Mummy: Tomb Of The Dragon Emperor / ...","Universal",2017-05-16 00:00:00,"Pending","5.1 DTS-HD","LBX, 16:9, BLU-RAY",39.98,"PG-13","VAR","Action/Adventure","2.35:1","191329005057",2017-05-16 00:00:00,299308,2017-02-28 00:00:00,"0"
"Mummy Ultimate Collection (w/ Movie Cash): Mummy / Mummy Returns / Mummy: Tomb Of The Dragon Emperor / Scorpion King","Universal",2017-05-16 00:00:00,"Pending","5.1","LBX, 16:9",26.98,"PG-13","VAR","Action/Adventure","2.35:1","191329005125",2017-05-16 00:00:00,299309,2017-02-28 00:00:00,"0"
"Mummy Ultimate Collection: Mummy / Mummy Returns / Mummy: Tomb Of The Dragon Emperor / Scorpion King","Universal",2017-05-16 00:00:00,"Pending","5.1","LBX, 16:9",26.98,"PG-13","VAR","Action/Adventure","2.35:1","191329002728",2017-05-16 00:00:00,299303,2017-02-28 00:00:00,"0"
"My Little Pony Friendship Is Magic: Twilight And Starlight","Shout! Factory",2017-05-30 00:00:00,"Pending","2.0","LBX, 16:9",14.98,"NR","UNK","Family","1.78:1","826663175691",2017-05-30 00:00:00,299263,2017-02-28 00:00:00,"0"
"Nature: Forest Of The Lynx","PBS",2017-05-30 00:00:00,"Pending","2.0","LBX, 16:9",24.99,"NR","2017","Documentary","1.78:1","841887032124",2017-05-30 00:00:00,299261,2017-02-28 00:00:00,"0"
"Nature: Hotel Armadillo","PBS",2017-05-23 00:00:00,"Pending","2.0","LBX, 16:9",24.99,"NR","2017","Documentary","1.78:1","841887033626",2017-05-23 00:00:00,299285,2017-02-28 00:00:00,"0"
"NCIS: Naval Criminal Investigative Service: The 5th - 8th Seasons","Paramount",,"Out","5.1","LBX, 16:9",64.99,"NR","VAR","TV Classics","1.78:1","032429270009",2017-02-28 00:00:00,298918,2017-02-28 00:00:00,"1"
"Needlestick (Blu-ray/ On Demand DVD-R)","Gravitas Ventures",,"Out","2.0","LBX, 16:9, BLU-RAY",20.99,"NR","2017","Suspense/Thriller","1.85:1","191091266038",2017-02-21 00:00:00,299286,2017-02-28 00:00:00,"0"
"Newsreaders: The Complete 1st Season (On Demand DVD-R)","Warner Brothers Digital Dist.",2017-03-21 00:00:00,"Pending","2.0","LBX, 16:9",21.99,"NR","2013","TV Classics","1.78:1","888574487966",2017-03-21 00:00:00,299280,2017-02-28 00:00:00,"0"
"Nick Cave: One More Time With Feeling","Bad Seed Ltd.",,"Out","2.0","LBX, 16:9",19.98,"NR","2016","Music","1.85:1","5060454947820",2017-03-03 00:00:00,298750,2017-02-28 00:00:00,"1"
"Nick Cave: One More Time With Feeling (Blu-ray 3D)","Bad Seed Ltd.",,"Out","2.0","LBX, 16:9",29.98,"NR","2016","Music","1.85:1","5060454947578",2017-03-03 00:00:00,298817,2017-02-28 00:00:00,"1"
"Nick Cave: One More Time With Feeling (Blu-ray)","Bad Seed Ltd.",,"Out","2.0","LBX, 16:9, BLU-RAY",25.98,"NR","2016","Music","1.85:1","5060454947561",2017-03-03 00:00:00,298712,2017-02-28 00:00:00,"1"
"Objective Advanced Presentation Plus (DVD-ROM)","Cambridge University Press",,"Out","2.0","4:3",240,"NR","2014","Special Interest","1.33:1","9781107463462",2017-03-01 00:00:00,270780,2017-02-28 00:00:00,"1"
"Officer Downe","Magnolia Pictures",,"Out","2.0","LBX, 16:9",26.98,"R","2016","Action/Adventure","1.85:1","876964011358",2017-02-28 00:00:00,297717,2017-02-28 00:00:00,"1"
"Officer Downe (Blu-ray)","Magnolia Pictures",,"Out","2.0","LBX, 16:9, BLU-RAY",29.98,"R","2016","Action/Adventure","1.85:1","876964011365",2017-02-28 00:00:00,297694,2017-02-28 00:00:00,"1"
"Olympus Has Fallen (Blu-ray) / White House Down (Blu-ray)","Sony Pictures",,"Out","5.1 DTS-HD","LBX, 16:9, BLU-RAY",19.99,"VAR","2013","Action/Adventure","2.35:1","043396496002",2017-02-28 00:00:00,298184,2017-02-28 00:00:00,"1"
"Outcasts (2010): Season 1","BBC Home Video",,"Discontinued","2.0","LBX, 16:9",34.98,"NR","2010","TV Classics","1.78:1","883929172788",2011-08-16 00:00:00,206908,2017-02-28 00:00:00,"1"
"Outcasts (2010): Season 1 (Blu-ray)","BBC Home Video",,"Discontinued","2.0","LBX, 16:9, BLU-RAY",34.99,"NR","2010","TV Classics","1.78:1","883929172801",2011-08-16 00:00:00,206890,2017-02-28 00:00:00,"1"
"Outcasts (2017)","Monarch",2017-05-16 00:00:00,"Pending","2.0","LBX, 16:9",19.95,"PG-13","2017","Comedy","1.85:1","723952079527",2017-05-16 00:00:00,299259,2017-02-28 00:00:00,"0"
"PAW Patrol (Limited Edition Gift Set w/ Golden Book)","Nickelodeon",,"Out","2.0","LBX, 16:9",16.99,"NR","2013","Animation","1.78:1","032429262912",2017-02-28 00:00:00,298213,2017-02-28 00:00:00,"1"
"Peekarama: The Night Bird / Night Of The Spanish Fly","Vinegar Syndrome",,"Out","2.0","LBX, 16:9",24.98,"UR","VAR","Late Night","1.85:1","814456020778",2017-02-28 00:00:00,297983,2017-02-28 00:00:00,"1"
"Peripheral Vertigo And Dizziness: A Practical Guide (Book w/ DVD)","World Scientific",,"Out","2.0","4:3",80,"NR","2012","Special Interest","1.33:1","9789814390095",2017-02-28 00:00:00,224338,2017-02-28 00:00:00,"1"
"Place To Call Home: Season 4","Acorn Media",,"Out","2.0","LBX, 16:9",59.99,"NR","2016","TV Classics","1.78:1","054961247295",2017-02-28 00:00:00,297777,2017-02-28 00:00:00,"1"
"Pocahontas (1995/ Blu-ray) / Pocahontas II: Journey To A New World (Blu-ray) (w/ Digital Copy)","Buena Vista",,"Out","5.1 DTS-HD","LBX, 16:9, BLU-RAY",29.99,"G","VAR","Animation","1.66:1","786936852943",2017-02-28 00:00:00,298209,2017-02-28 00:00:00,"1"
"Pocket Guide To The OSCE For The MRCOG + DVD (Book w/ DVD)","Cambridge University Press",,"Out","2.0","4:3",59.99,"NR","2016","Special Interest","1.33:1","9781904752257",2017-03-01 00:00:00,274891,2017-02-28 00:00:00,"1"
"Power Rangers Mystic Force: The Complete Series","Shout! Factory",2017-05-23 00:00:00,"Pending","2.0","4:3",19.97,"NR","2006","TV Classics","1.33:1","826663175615",2017-05-23 00:00:00,299269,2017-02-28 00:00:00,"0"
"Primary i-Dictionary: Level 2: Movers (Book w/ DVD)","Cambridge University Press",,"Out","2.0","4:3",48.75,"NR","2016","Special Interest","1.33:1","9781107647893",2017-03-01 00:00:00,274873,2017-02-28 00:00:00,"1"
"Primary i-Dictionary: Level 3: Flyers (Book w/ DVD)","Cambridge University Press",,"Out","2.0","4:3",48.75,"NR","2016","Special Interest","1.33:1","9781107680012",2017-03-01 00:00:00,274852,2017-02-28 00:00:00,"1"
"Princess And The Frog (Blu-ray w/ Digital Copy)","Buena Vista",,"Out","5.1 DTS-HD","LBX, 16:9, BLU-RAY",29.99,"G","2009","Animation","1.85:1","786936852905",2017-02-28 00:00:00,298238,2017-02-28 00:00:00,"1"
"Pulse (2001/ a.k.a. Kairo/ Arrow/ DVD & Blu-ray Combo)","Arrow",,"Out","SUB","LBX, 16:9, BLU-RAY",39.95,"R","2001","Foreign","1.85:1","760137960287",2017-02-28 00:00:00,296267,2017-02-28 00:00:00,"1"
"Race To Learn: Years 5 And 6 (DVD-ROM)","Cambridge University Press",,"Out","2.0","4:3",300,"NR","2009","Special Interest","1.33:1","9781845652470",2017-03-01 00:00:00,163774,2017-02-28 00:00:00,"1"
"Race Underground: The American Experience","PBS",,"Out","2.0","LBX, 16:9",24.99,"NR","2017","Documentary","1.78:1","841887031714",2017-02-28 00:00:00,297563,2017-02-28 00:00:00,"1"
"Rachel Carson: The American Experience","PBS",,"Out","2.0","LBX, 16:9",24.99,"NR","2017","Documentary","1.78:1","841887029186",2017-02-28 00:00:00,297566,2017-02-28 00:00:00,"1"
"Raid: Redemption (Blu-ray) / The Raid 2 (Blu-ray)","Sony Pictures",,"Out","SUB","LBX, 16:9, BLU-RAY",19.99,"R","VAR","Foreign","VAR","043396494510",2017-02-28 00:00:00,297805,2017-02-28 00:00:00,"1"
"Raw Meat (Blue Underground/ DVD & Blu-ray Combo/ Collector's Edition w/ Digital Copy)","Blue Underground",,"Out","2.0","LBX, 16:9",38.99,"R","1972","Horror","1.85:1","827058706995",2017-02-28 00:00:00,298128,2017-02-28 00:00:00,"1"
"RDG: Red Data Girl: Complete Series (Super Amazing Value Edition)","FUNimation",,"Out","SUB","LBX, 16:9",24.98,"MA13","2013","Anime","2.35:1","704400015496",2017-02-28 00:00:00,298167,2017-02-28 00:00:00,"1"
"Rodgers & Hammerstein's Carousel: Live From Lincoln Center","PBS",,"Out","2.0","LBX, 16:9",24.99,"NR","2013","Musical","1.78:1","841887032070",2017-02-28 00:00:00,297745,2017-02-28 00:00:00,"1"
"Rules Don't Apply","Fox",,"Out","5.1","LBX, 16:9",29.98,"PG-13","2016","Drama","1.85:1","024543316084",2017-02-28 00:00:00,298530,2017-02-28 00:00:00,"1"
"Rules Don't Apply (Blu-ray)","Fox",,"Out","5.1 DTS-HD","LBX, 16:9, BLU-RAY",39.99,"PG-13","2016","Drama","1.85:1","024543316138",2017-02-28 00:00:00,298531,2017-02-28 00:00:00,"1"
"S&M Sally","Ariztical Entertainment",2017-04-18 00:00:00,"Pending","2.0","LBX, 16:9",24.95,"NR","2015","Comedy","1.78:1","631008076492",2017-04-18 00:00:00,299272,2017-02-28 00:00:00,"0"
"School Days: Complete TV Series (Blu-ray)","Discotek Media",,"Out","SUB","LBX, 16:9, BLU-RAY",39.95,"MA13","2007","Anime","1.85:1","875707144025",2017-02-28 00:00:00,296524,2017-02-28 00:00:00,"1"
"Scrapped Princess (FUNimation): The Complete Series (DVD & Blu-ray Combo)","FUNimation",,"Out","SUB","4:3, BLU-RAY",64.98,"MA13","2003","Anime","1.33:1","704400023866",2017-02-28 00:00:00,298131,2017-02-28 00:00:00,"1"
"SCUM Manifesto","Facets",,"Out","SUB","LBX, 16:9",19.95,"NR","2016","Foreign","1.78:1","736899121433",2017-02-28 00:00:00,298960,2017-02-28 00:00:00,"1"
"Shut In","Fox",,"Out","5.1","LBX, 16:9",29.98,"PG-13","2016","Thriller","2.35:1","024543220268",2017-02-28 00:00:00,296941,2017-02-28 00:00:00,"1"
"Shut In (Blu-ray)","Fox",,"Out","5.1 DTS-HD","LBX, 16:9, BLU-RAY",39.99,"PG-13","2016","Thriller","2.35:1","024543220329",2017-02-28 00:00:00,296955,2017-02-28 00:00:00,"1"
"Snow White And The Seven Dwarfs (1937/ Buena Vista/ Walt Disney Signature Collection)","Buena Vista",,"Out","5.1","4:3",29.99,"G","1937","Animation","1.33:1","786936852912",2017-02-28 00:00:00,298124,2017-02-28 00:00:00,"1"
"Sound Of Redemption: The Frank Morgan Story","Kino Lorber",,"Out","2.0","LBX, 16:9",29.95,"NR","2014","Documentary","1.85:1","738329212117",2017-02-28 00:00:00,298086,2017-02-28 00:00:00,"1"
"Star Fleet: The Complete TV Series","Discotek Media",,"Out","DUB","4:3",49.95,"NR","1980","Animation","1.33:1","875707113090",2017-02-28 00:00:00,296395,2017-02-28 00:00:00,"1"
"Static Shock: Season 1 (On Demand DVD-R)","Warner Brothers Digital Dist.",2017-03-28 00:00:00,"Pending","2.0","4:3",24.99,"NR","2000","Animation","1.33:1","888574472979",2017-03-28 00:00:00,299265,2017-02-28 00:00:00,"0"
"Stuff (2015/ Blu-ray/ On Demand DVD-R)","Gravitas Ventures",,"Out","2.0","LBX, 16:9, BLU-RAY",19.99,"NR","2015","Drama","1.85:1","191091266083",2017-02-28 00:00:00,299163,2017-02-28 00:00:00,"1"
"Stuff (2015/ On Demand DVD-R)","Gravitas Ventures",,"Out","2.0","LBX, 16:9",16.99,"NR","2015","Drama","1.85:1","191091266090",2017-02-28 00:00:00,299231,2017-02-28 00:00:00,"1"
"Super Minds American English Level 3 Classware (DVD-ROM w/ Book)","Cambridge University Press",,"Out","2.0","4:3",176.5,"NR","2012","Special Interest","1.33:1","9781107604292",2017-03-01 00:00:00,226595,2017-02-28 00:00:00,"1"
"Super Minds American English Level 4 (Book w/ DVD)","Cambridge University Press",,"Out","2.0","4:3",28,"NR","2012","Special Interest","1.33:1","9781107604322",2017-03-01 00:00:00,226651,2017-02-28 00:00:00,"1"
"Super Minds American English Level 4 Classware (DVD-ROM w/ Book)","Cambridge University Press",,"Out","2.0","4:3",176.5,"NR","2012","Special Interest","1.33:1","9781107604377",2017-03-01 00:00:00,226639,2017-02-28 00:00:00,"1"
"Super Minds American English Starter Classware And Interactive DVD-ROM (DVD-ROM w/ Book)","Cambridge University Press",,"Out","2.0","4:3",176.5,"NR","2012","Special Interest","1.33:1","9781107698741",2017-03-01 00:00:00,226023,2017-02-28 00:00:00,"1"
"Super Minds American English: Level 1 Classware + Interactive DVD-ROM (DVD-ROM/CD-ROM Combo)","Cambridge University Press",,"Out","2.0","4:3",176.5,"NR","2012","Special Interest","1.33:1","9781107650602",2017-03-01 00:00:00,225226,2017-02-28 00:00:00,"1"
"Super Minds American English: Level 2 Classware + Interactive DVD-ROM (DVD-ROM/CD-ROM Combo)","Cambridge University Press",,"Out","2.0","4:3",176.5,"NR","2012","Special Interest","1.33:1","9781107604193",2017-03-01 00:00:00,225256,2017-02-28 00:00:00,"1"
"Super Minds American English: Level 4 Classware + Interactive DVD-ROM (DVD-ROM/CD-ROM Combo)","Cambridge University Press",,"Out","2.0","4:3",168,"NR","2012","Special Interest","1.33:1","9780521223089",2017-03-01 00:00:00,225348,2017-02-28 00:00:00,"1"
"Super Minds Level 1 Classware And Interactive DVD-ROM (DVD-ROM/CD-ROM Combo)","Cambridge University Press",,"Out","2.0","4:3",168,"NR","2012","Special Interest","1.33:1","9780521148580",2017-03-01 00:00:00,219443,2017-02-28 00:00:00,"1"
"Super Minds Level 2 Classware And Interactive DVD-ROM (DVD-ROM/CD-ROM Combo)","Cambridge University Press",,"Out","2.0","4:3",168,"NR","2012","Special Interest","1.33:1","9780521148610",2017-03-01 00:00:00,219465,2017-02-28 00:00:00,"1"
"Super Minds Level 3 Classware + Interactive DVD-ROM (DVD-ROM/CD-ROM Combo)","Cambridge University Press",,"Out","2.0","4:3",168,"NR","2012","Special Interest","1.33:1","9780521221849",2017-03-01 00:00:00,224612,2017-02-28 00:00:00,"1"
"Super Minds Level 3 Presentation Plus (DVD-ROM)","Cambridge University Press",,"Out","2.0","4:3",240,"NR","2014","Special Interest","1.33:1","9781107441293",2017-03-01 00:00:00,267706,2017-02-28 00:00:00,"1"
"Super Minds Level 4 Presentation Plus (DVD-ROM)","Cambridge University Press",,"Out","2.0","4:3",240,"NR","2014","Special Interest","1.33:1","9781107441309",2017-03-01 00:00:00,267689,2017-02-28 00:00:00,"1"
"Super Minds Starter Classware And Interactive DVD-ROM (DVD-ROM/CD-ROM Combo)","Cambridge University Press",,"Out","2.0","4:3",168,"NR","2012","Special Interest","1.33:1","9780521148542",2017-03-01 00:00:00,219423,2017-02-28 00:00:00,"1"
"Super Safari: Level 1","Cambridge University Press",,"Out","2.0","4:3",193.25,"NR","2015","Special Interest","1.33:1","9781107476875",2017-03-01 00:00:00,274573,2017-02-28 00:00:00,"1"
"Super Safari: Level 2","Cambridge University Press",,"Out","2.0","4:3",193.25,"NR","2015","Special Interest","1.33:1","9781107477049",2017-03-01 00:00:00,274577,2017-02-28 00:00:00,"1"
"Super Safari: Level 3","Cambridge University Press",,"Out","2.0","4:3",193.25,"NR","2015","Special Interest","1.33:1","9781107477285",2017-03-01 00:00:00,274582,2017-02-28 00:00:00,"1"
"Ten Commandments (2006/ Sonar Entertainment)","Sonar Entertainment",,"Out","2.0","LBX, 16:9",9.98,"PG-13","2006","Drama","1.78:1","883476152646",2017-02-28 00:00:00,296891,2017-02-28 00:00:00,"1"
"Territorial Behavior","Brink",,"Out","2.0","LBX, 16:9",16.95,"NR","2015","Horror","1.85:1","187830004450",2017-02-28 00:00:00,297480,2017-02-28 00:00:00,"1"
"This Tunnel South (Blu-ray/ On Demand DVD-R)","Indie Rights",,"Out","2.0","LBX, 16:9, BLU-RAY",14.95,"NR","2011","Action/Adventure","1.85:1","889290442932",2016-01-13 00:00:00,299256,2017-02-28 00:00:00,"0"
"This Tunnel South (On Demand DVD-R)","Indie Rights",,"Out","2.0","LBX, 16:9",14.95,"NR","2011","Action/Adventure","1.85:1","889290434005",2016-01-13 00:00:00,299273,2017-02-28 00:00:00,"0"
"Three Evenings (On Demand DVD-R)","Indie Rights",,"Out","SUB","LBX, 16:9",14.95,"NR","2010","Foreign","1.78:1","889290433930",2015-12-04 00:00:00,299300,2017-02-28 00:00:00,"0"
"Time As Money: A Documentary About Time Banking (Blu-ray)","Indie Rights",,"Out","2.0","LBX, 16:9, BLU-RAY",19.95,"NR","2014","Documentary","1.85:1","889290432902",2015-12-04 00:00:00,299301,2017-02-28 00:00:00,"0"
"Time As Money: A Documentary About Time Banking (On Demand DVD-R)","Indie Rights",,"Out","2.0","LBX, 16:9",14.95,"NR","2014","Documentary","1.85:1","889290434135",2015-12-04 00:00:00,299270,2017-02-28 00:00:00,"0"
"Tovarisch, I Am Not Dead (On Demand DVD-R)","Indie Rights",,"Out","2.0","4:3",14.95,"NR","2007","Documentary","1.33:1","886470756407",2012-09-11 00:00:00,299298,2017-02-28 00:00:00,"0"
"Transformers: Rebots In Disguise: Overloaded & Decepticon Island","Shout! Factory",2017-05-30 00:00:00,"Pending","2.0","LBX, 16:9",14.98,"NR","UNK","Animation","1.78:1","826663175707",2017-05-30 00:00:00,299294,2017-02-28 00:00:00,"0"
"Transmigrate: The Troubled One (Blu-ray/ On Demand DVD-R)","Indie Rights",,"Out","2.0","LBX, 16:9, BLU-RAY",14.95,"NR","2013","Suspense/Thriller","1.85:1","889290488442",2016-01-15 00:00:00,299305,2017-02-28 00:00:00,"0"
"Transmigrate: The Troubled One (On Demand DVD-R)","Indie Rights",,"Out","2.0","LBX, 16:9",14.95,"NR","2013","Suspense/Thriller","1.85:1","889290433718",2016-01-15 00:00:00,299260,2017-02-28 00:00:00,"0"
"Trouble With Terkel","Indican Pictures",,"Out","2.0","LBX, 16:9",24.99,"R","2010","Animation","1.78:1","825284200669",2017-02-28 00:00:00,298824,2017-02-28 00:00:00,"1"
"Tupac: Assassination: Battle For Compton","Bonded Films",,"Out","2.0","LBX, 16:9",9.95,"NR","2016","Documentary","1.78:1","760137964292",2017-02-28 00:00:00,296254,2017-02-28 00:00:00,"1"
"Tupac: Assassination: Battle For Compton (Blu-ray)","Bonded Films",,"Out","2.0","LBX, 16:9, BLU-RAY",19.95,"NR","2016","Documentary","1.78:1","760137944089",2017-02-28 00:00:00,295554,2017-02-28 00:00:00,"1"
"Underworld: The Complete Collection (Blu-ray): Underworld / Underworld Awakening / Underworld Evolution / Blood Wars / ...","Sony Pictures",2017-04-25 00:00:00,"Pending","VAR","LBX, 16:9, BLU-RAY",75.99,"VAR","VAR","Action/Adventure","2.35:1","043396506466",2017-04-25 00:00:00,299306,2017-02-28 00:00:00,"0"
"Utopia (2013)","Bullfrog Films",,"Out","2.0","LBX, 16:9",29.98,"NR","2013","Documentary","1.78:1","194154508427",2017-02-28 00:00:00,297818,2017-02-28 00:00:00,"1"
"Vampire Diaries: The Complete 8th & Final Season","Warner Brothers",2017-06-13 00:00:00,"Pending","2.0","LBX, 16:9",39.99,"NR","2016","TV Classics","1.78:1","883929565283",2017-06-13 00:00:00,299288,2017-02-28 00:00:00,"0"
"Vampire Diaries: The Complete 8th & Final Season (Blu-ray)","Warner Brothers",2017-06-13 00:00:00,"Pending","2.0","LBX, 16:9, BLU-RAY",44.98,"NR","2016","TV Classics","1.78:1","883929565290",2017-06-13 00:00:00,299289,2017-02-28 00:00:00,"0"
"Vampire Diaries: The Complete Series","Warner Brothers",2017-06-13 00:00:00,"Pending","2.0","LBX, 16:9",189.99,"NR","VAR","TV Classics","1.78:1","883929565306",2017-06-13 00:00:00,299281,2017-02-28 00:00:00,"0"
"Vampire Diaries: The Complete Series (Blu-ray)","Warner Brothers",2017-06-13 00:00:00,"Pending","2.0","LBX, 16:9, BLU-RAY",234.99,"NR","VAR","TV Classics","1.78:1","883929565313",2017-06-13 00:00:00,299302,2017-02-28 00:00:00,"0"
"Vitaphone Varieties, Vol. 4 (Archive Collection/ On Demand DVD-R)","Warner Brothers Digital Dist.",2017-03-21 00:00:00,"Pending","2.0","4:3",21.99,"NR","VAR","VAR","1.33:1","888574493714",2017-03-21 00:00:00,299258,2017-02-28 00:00:00,"0"
"Vixen: The Movie","Warner Brothers",2017-05-23 00:00:00,"Pending","5.1","LBX, 16:9",18.94,"NR","2017","Animation","1.78:1","883929563982",2017-05-23 00:00:00,299296,2017-02-28 00:00:00,"0"
"Vixen: The Movie (Blu-ray w/ Digital Copy)","Warner Brothers",2017-05-23 00:00:00,"Pending","5.1 DTS-HD","LBX, 16:9, BLU-RAY",19.98,"NR","2017","Animation","1.78:1","883929563975",2017-05-23 00:00:00,299293,2017-02-28 00:00:00,"0"
"Wait Till Helen Comes","Anderson Digital",2017-05-02 00:00:00,"Pending","2.0","LBX, 16:9",19.99,"NR","2016","Horror","1.78:1","191329005439",2017-05-02 00:00:00,299277,2017-02-28 00:00:00,"0"
"Wall Writers","Kino Lorber",2017-04-11 00:00:00,"Pending","2.0","LBX, 16:9",29.95,"NR","2016","Documentary","1.85:1","738329214029",2017-04-11 00:00:00,299271,2017-02-28 00:00:00,"0"
"We Are The Flesh (Blu-ray)","Arrow",,"Out","SUB","LBX, 16:9, BLU-RAY",29.95,"NR","2016","Foreign","1.85:1","760137964780",2017-02-28 00:00:00,297545,2017-02-28 00:00:00,"1"
"What I Like About You: The Complete 2nd Season (On Demand DVD-R)","Warner Brothers Digital Dist.",2017-03-14 00:00:00,"Pending","2.0","4:3",29.98,"NR","2003","TV Classics","1.33:1","888574479398",2017-03-14 00:00:00,299287,2017-02-28 00:00:00,"0"
"Wheeler","eOne Film USA",,"Out","2.0","LBX, 16:9",17.99,"PG","2017","Drama","1.85:1","741952836292",2017-02-28 00:00:00,297807,2017-02-28 00:00:00,"1"
"Wild Africa (Blu-ray 4K) / Tiny Giants (Blu-ray 4K)","BBC Home Video",2017-05-16 00:00:00,"Pending","2.0","LBX, 16:9, BLU-RAY",34.98,"NR","VAR","Documentary","1.78:1","883929567164",2017-05-16 00:00:00,299284,2017-02-28 00:00:00,"0"
"World Famous Kid Detective (Blu-ray/ On Demand DVD-R)","Indie Rights",,"Out","2.0","LBX, 16:9, BLU-RAY",14.95,"NR","2014","Family","1.85:1","889290488480",2016-01-13 00:00:00,299297,2017-02-28 00:00:00,"0"
"World Famous Kid Detective (On Demand DVD-R)","Indie Rights",,"Out","2.0","LBX, 16:9",14.95,"NR","2014","Family","1.85:1","889290434265",2016-01-13 00:00:00,299254,2017-02-28 00:00:00,"0"
"Worst Year Of My Life (Blu-ray/ On Demand DVD-R)","Indie Rights",,"Out","2.0","LBX, 16:9, BLU-RAY",19.95,"NR","2015","Comedy","1.85:1","889290432971",2015-12-04 00:00:00,299251,2017-02-28 00:00:00,"0"
"Worst Year Of My Life (On Demand DVD-R)","Indie Rights",,"Out","2.0","LBX, 16:9",14.95,"NR","2015","Comedy","1.85:1","889290433756",2015-12-04 00:00:00,299307,2017-02-28 00:00:00,"0"
"Years Of Living Dangerously: Season 2","National Geographic",2017-04-18 00:00:00,"Pending","2.0","LBX, 16:9",14.98,"NR","2016","Documentary","1.78:1","024543314394",2017-04-18 00:00:00,299282,2017-02-28 00:00:00,"0"
"Years Of Living Dangerously: The Complete [Showtime] Series","FilmRise",,"Out","2.0","LBX, 16:9",64.98,"NR","2014","Documentary","1.78:1","887936951893",2014-09-07 00:00:00,282211,2017-02-28 00:00:00,"1"
"Years Of Living Dangerously: The Complete [Showtime] Series (Blu-ray)","FilmRise",,"Out","2.0","LBX, 16:9, BLU-RAY",79.98,"NR","2014","Documentary","1.78:1","818522012285",2015-07-21 00:00:00,282200,2017-02-28 00:00:00,"1"
"Your Space: Level 1 Classware DVD-ROM + Teacher's Resource Disc (DVD-ROM)","Cambridge University Press",,"Out","2.0","4:3",181.75,"NR","2012","Special Interest","1.33:1","9781107673106",2017-03-01 00:00:00,226835,2017-02-28 00:00:00,"1"
"Your Space: Level 2 Classware DVD-ROM + Teacher's Resource Disc (DVD-ROM)","Cambridge University Press",,"Out","2.0","4:3",181.75,"NR","2012","Special Interest","1.33:1","9781107635425",2017-03-01 00:00:00,226855,2017-02-28 00:00:00,"1"
"Your Space: Level 3 Classware DVD-ROM + Teacher's Resource Disc (DVD-ROM)","Cambridge University Press",,"Out","2.0","4:3",176.5,"NR","2012","Special Interest","1.33:1","9781107660748",2017-03-01 00:00:00,226827,2017-02-28 00:00:00,"1"
"Your Space: Levels 1 - 3","Cambridge University Press",,"Out","2.0","4:3",172.75,"NR","2012","Special Interest","1.33:1","9780521729024",2017-03-01 00:00:00,228212,2017-02-28 00:00:00,"1"
"Zeta Project: Season 2 (On Demand DVD-R)","Warner Brothers Digital Dist.",2017-03-14 00:00:00,"Pending","2.0","4:3",24.99,"NR","2002","Animation","1.33:1","888574475093",2017-03-14 00:00:00,299249,2017-02-28 00:00:00,"0"
